skills,Min,Max,R1,R2
Purpose-driven,1,10,3,7
Self-directedness,1,10,4,7
Big Picture Thinking,1,10,5,8
Exploring perspectives and alternatives,1,10,4,8
Empowering others,1,10,3,7
Role Modeling,1,10,4,7
Understanding one's emotions,1,10,5,7
Self-control and regulation,1,10,4,7
Speaking with conviction,1,10,5,8
Empathetic,1,10,4,7
Motivating and inspiring others,1,10,4,8
Coaching,1,10,3,6
Resilience,1,10,4,8
"Energy, passion and optimism",1,10,5,8
Courage and risk-taking,1,10,4,7
Driving change and innovation,1,10,3,8
Dealing with uncertainty,1,10,3,7
Instilling Trust,1,10,4,8
Openness to feedback,1,10,4,7
Collaboration Skills,1,10,3,8
Fostering inclusiveness,1,10,4,8
Organizational awareness,1,10,5,9
Vision Alignment,1,10,6,8
Time management and prioritization,1,10,6,8
Promoting culture of respect,1,10,6,8
Unconventional approach (breaking stereotypes and barriers),1,10,3,7
Adaptability,1,10,4,8
Attention to detail,1,10,3,7
Planning,1,10,5,8
Project management,1,10,4,8
Critical Thinking,1,10,5,8
Strategic Thinking,1,10,4,8
Ownership and accountability,1,10,4,7
Developing others,1,10,5,9
Contextualization of knowledge,1,10,5,8